{"cameraMode":{"drawMode":0,"name":"Shaded","section":"Shading Mode"},"sceneLighting":false,"audioPlay":false,"sceneViewState":{"showFog":true,"showMaterialUpdate":false,"showSkybox":false,"showFlares":true,"showImageEffects":true,"showParticleSystems":true,"showVisualEffectGraphs":true,"m_FxEnabled":true},"in2DMode":false,"pivot":{"x":-0.20160841941833497,"y":2.8017945289611818,"z":4.685359954833984},"rotation":{"x":0.08323713392019272,"y":0.1503879725933075,"z":-0.012704946100711823,"w":0.9850419759750366},"size":9.326804161071778,"orthographic":false}