{"cameraMode":{"drawMode":0,"name":"Shaded","section":"Shading Mode"},"sceneLighting":false,"audioPlay":false,"sceneViewState":{"showFog":true,"showMaterialUpdate":false,"showSkybox":false,"showFlares":true,"showImageEffects":true,"showParticleSystems":true,"showVisualEffectGraphs":true,"m_FxEnabled":true},"in2DMode":false,"pivot":{"x":-1.927578330039978,"y":1.5590095520019532,"z":5.350774765014648},"rotation":{"x":0.16746580600738526,"y":0.022182337939739229,"z":-0.0037660771049559118,"w":0.9856280088424683},"size":10.015474319458008,"orthographic":false}