{"cameraMode":{"drawMode":0,"name":"Shaded","section":"Shading Mode"},"sceneLighting":false,"audioPlay":false,"sceneViewState":{"showFog":true,"showMaterialUpdate":false,"showSkybox":false,"showFlares":true,"showImageEffects":true,"showParticleSystems":true,"showVisualEffectGraphs":true,"m_FxEnabled":true},"in2DMode":false,"pivot":{"x":-0.009717822074890137,"y":1.6927180290222169,"z":0.0030660629272460939},"rotation":{"x":0.10690110921859741,"y":-0.5911176800727844,"z":0.07931967079639435,"w":0.7956255674362183},"size":2.696390390396118,"orthographic":false}