{"cameraMode":{"drawMode":0,"name":"Shaded","section":"Shading Mode"},"sceneLighting":false,"audioPlay":false,"sceneViewState":{"showFog":true,"showMaterialUpdate":false,"showSkybox":false,"showFlares":true,"showImageEffects":true,"showParticleSystems":true,"showVisualEffectGraphs":true,"m_FxEnabled":true},"in2DMode":false,"pivot":{"x":-0.009717822074890137,"y":1.6927180290222169,"z":0.0030660629272460939},"rotation":{"x":-0.046962056308984759,"y":0.596118688583374,"z":-0.034833893179893497,"w":-0.8008452653884888},"size":2.696390390396118,"orthographic":false}