{"cameraMode":{"drawMode":0,"name":"Shaded","section":"Shading Mode"},"sceneLighting":true,"audioPlay":false,"sceneViewState":{"showFog":true,"showMaterialUpdate":false,"showSkybox":true,"showFlares":true,"showImageEffects":true,"showParticleSystems":true,"showVisualEffectGraphs":true,"m_FxEnabled":true},"in2DMode":false,"pivot":{"x":13.385913848876954,"y":3.992526054382324,"z":25.770822525024415},"rotation":{"x":0.07911933958530426,"y":0.14778998494148255,"z":-0.011963519267737866,"w":0.9858315587043762},"size":39.21143341064453,"orthographic":false}