{"cameraMode":{"drawMode":0,"name":"Shaded","section":"Shading Mode"},"sceneLighting":true,"audioPlay":false,"sceneViewState":{"showFog":true,"showMaterialUpdate":false,"showSkybox":true,"showFlares":true,"showImageEffects":true,"showParticleSystems":true,"showVisualEffectGraphs":true,"m_FxEnabled":true},"in2DMode":false,"pivot":{"x":96.95975494384766,"y":311.98077392578127,"z":40.66999816894531},"rotation":{"x":0.0560738667845726,"y":0.00030811683973297477,"z":-0.00011366903345333412,"w":0.9984819293022156},"size":16.958812713623048,"orthographic":false}