{"cameraMode":{"drawMode":0,"name":"Shaded","section":"Shading Mode"},"sceneLighting":true,"audioPlay":false,"sceneViewState":{"showFog":true,"showMaterialUpdate":false,"showSkybox":true,"showFlares":true,"showImageEffects":true,"showParticleSystems":true,"showVisualEffectGraphs":true,"m_FxEnabled":true},"in2DMode":false,"pivot":{"x":2.0577375888824465,"y":3.1528587341308595,"z":-0.010577946901321411},"rotation":{"x":0.0011948277242481709,"y":-0.9908649325370789,"z":-0.13518968224525453,"w":-0.00709316274151206},"size":1.2649344205856324,"orthographic":true}