{"cameraMode":{"drawMode":0,"name":"Shaded","section":"Shading Mode"},"sceneLighting":false,"audioPlay":false,"sceneViewState":{"showFog":true,"showMaterialUpdate":false,"showSkybox":false,"showFlares":true,"showImageEffects":true,"showParticleSystems":true,"showVisualEffectGraphs":true,"m_FxEnabled":true},"in2DMode":false,"pivot":{"x":-0.6624419689178467,"y":-1.2059564590454102,"z":-6.038084030151367},"rotation":{"x":-0.004896451253443956,"y":0.9767646789550781,"z":-0.21340176463127137,"w":-0.021979691460728647},"size":12.393556594848633,"orthographic":false}