{"cameraMode":{"drawMode":0,"name":"Shaded","section":"Shading Mode"},"sceneLighting":false,"audioPlay":false,"sceneViewState":{"showFog":true,"showMaterialUpdate":false,"showSkybox":false,"showFlares":true,"showImageEffects":true,"showParticleSystems":true,"showVisualEffectGraphs":true,"m_FxEnabled":true},"in2DMode":false,"pivot":{"x":3.8777542114257814,"y":1.4329581260681153,"z":-0.37160301208496096},"rotation":{"x":0.23176467418670655,"y":0.22547832131385804,"z":-0.055423934012651446,"w":0.9447165131568909},"size":7.72178316116333,"orthographic":false}