{"cameraMode":{"drawMode":0,"name":"Shaded","section":"Shading Mode"},"sceneLighting":false,"audioPlay":false,"sceneViewState":{"showFog":true,"showMaterialUpdate":false,"showSkybox":false,"showFlares":true,"showImageEffects":true,"showParticleSystems":true,"showVisualEffectGraphs":true,"m_FxEnabled":true},"in2DMode":false,"pivot":{"x":2.1720805168151857,"y":0.2475895881652832,"z":0.08288097381591797},"rotation":{"x":0.2441670447587967,"y":0.10332857817411423,"z":-0.026279982179403306,"w":0.963914692401886},"size":7.071067810058594,"orthographic":false}