{"cameraMode":{"drawMode":0,"name":"Shaded","section":"Shading Mode"},"sceneLighting":false,"audioPlay":false,"sceneViewState":{"showFog":true,"showMaterialUpdate":false,"showSkybox":false,"showFlares":true,"showImageEffects":true,"showParticleSystems":true,"showVisualEffectGraphs":true,"m_FxEnabled":true},"in2DMode":false,"pivot":{"x":2.525235176086426,"y":0.6164705753326416,"z":1.2871103286743165},"rotation":{"x":-0.10883846133947373,"y":-0.11544782668352127,"z":0.012736418284475804,"w":-0.9872642755508423},"size":4.807394981384277,"orthographic":false}