{"cameraMode":{"drawMode":0,"name":"Shaded","section":"Shading Mode"},"sceneLighting":false,"audioPlay":false,"sceneViewState":{"showFog":true,"showMaterialUpdate":false,"showSkybox":false,"showFlares":true,"showImageEffects":true,"showParticleSystems":true,"showVisualEffectGraphs":true,"m_FxEnabled":true},"in2DMode":false,"pivot":{"x":2.5116710662841799,"y":0.17542891204357148,"z":0.03433239459991455},"rotation":{"x":0.0604049451649189,"y":0.9263224005699158,"z":-0.16916978359222413,"w":0.33132535219192507},"size":0.32948973774909975,"orthographic":false}