{"cameraMode":{"drawMode":0,"name":"Shaded","section":"Shading Mode"},"sceneLighting":false,"audioPlay":false,"sceneViewState":{"showFog":true,"showMaterialUpdate":false,"showSkybox":false,"showFlares":true,"showImageEffects":true,"showParticleSystems":true,"showVisualEffectGraphs":true,"m_FxEnabled":true},"in2DMode":false,"pivot":{"x":-1.1572415828704835,"y":5.398068428039551,"z":2.482774257659912},"rotation":{"x":0.21461725234985352,"y":-0.004392853006720543,"z":0.0009692328749224544,"w":0.9766958355903626},"size":17.41781997680664,"orthographic":false}