{"cameraMode":{"drawMode":0,"name":"Shaded","section":"Shading Mode"},"sceneLighting":false,"audioPlay":false,"sceneViewState":{"showFog":true,"showMaterialUpdate":false,"showSkybox":false,"showFlares":true,"showImageEffects":true,"showParticleSystems":true,"showVisualEffectGraphs":true,"m_FxEnabled":true},"in2DMode":false,"pivot":{"x":-0.027745604515075685,"y":6.795362949371338,"z":0.03369784355163574},"rotation":{"x":-0.005290595814585686,"y":0.9870480895042419,"z":-0.15736277401447297,"w":-0.03258831053972244},"size":1.6259119510650635,"orthographic":false}