{"cameraMode":{"drawMode":0,"name":"Shaded","section":"Shading Mode"},"sceneLighting":false,"audioPlay":false,"sceneViewState":{"showFog":true,"showMaterialUpdate":false,"showSkybox":false,"showFlares":true,"showImageEffects":true,"showParticleSystems":true,"showVisualEffectGraphs":true,"m_FxEnabled":true},"in2DMode":false,"pivot":{"x":-0.27414706349372866,"y":-0.08127109706401825,"z":-1.8531222343444825},"rotation":{"x":0.14746882021427155,"y":0.2564559578895569,"z":-0.03962918743491173,"w":0.9544252753257752},"size":2.6503822803497316,"orthographic":false}