{"cameraMode":{"drawMode":0,"name":"Shaded","section":"Shading Mode"},"sceneLighting":false,"audioPlay":false,"sceneViewState":{"showFog":true,"showMaterialUpdate":false,"showSkybox":false,"showFlares":true,"showImageEffects":true,"showParticleSystems":true,"showVisualEffectGraphs":true,"m_FxEnabled":true},"in2DMode":false,"pivot":{"x":0.0026009082794189455,"y":1.1571691036224366,"z":-1.5603498220443726},"rotation":{"x":0.14746882021427155,"y":0.2564559578895569,"z":-0.03962918743491173,"w":0.9544252753257752},"size":2.9503822326660158,"orthographic":false}