{"cameraMode":{"drawMode":0,"name":"Shaded","section":"Shading Mode"},"sceneLighting":false,"audioPlay":false,"sceneViewState":{"showFog":true,"showMaterialUpdate":false,"showSkybox":false,"showFlares":true,"showImageEffects":true,"showParticleSystems":true,"showVisualEffectGraphs":true,"m_FxEnabled":true},"in2DMode":false,"pivot":{"x":-0.38014110922813418,"y":1.6309345960617066,"z":-1.4996740818023682},"rotation":{"x":-0.2241622507572174,"y":-0.07680695503950119,"z":0.01773562654852867,"w":-0.9713681936264038},"size":3.4922521114349367,"orthographic":false}