{"cameraMode":{"drawMode":0,"name":"Shaded","section":"Shading Mode"},"sceneLighting":false,"audioPlay":false,"sceneViewState":{"showFog":true,"showMaterialUpdate":false,"showSkybox":false,"showFlares":true,"showImageEffects":true,"showParticleSystems":true,"showVisualEffectGraphs":true,"m_FxEnabled":true},"in2DMode":false,"pivot":{"x":1.6869268417358399,"y":-0.5979973077774048,"z":-0.4761085510253906},"rotation":{"x":0.32474613189697268,"y":0.31245842576026919,"z":-0.11473643034696579,"w":0.8853551149368286},"size":5.650633811950684,"orthographic":false}