{"cameraMode":{"drawMode":0,"name":"Shaded","section":"Shading Mode"},"sceneLighting":false,"audioPlay":false,"sceneViewState":{"showFog":true,"showMaterialUpdate":false,"showSkybox":false,"showFlares":true,"showImageEffects":true,"showParticleSystems":true,"showVisualEffectGraphs":true,"m_FxEnabled":true},"in2DMode":false,"pivot":{"x":0.6237619519233704,"y":1.7834973335266114,"z":-0.9369831681251526},"rotation":{"x":-0.15269730985164643,"y":0.007997293956577778,"z":-0.001228810171596706,"w":-0.9882532358169556},"size":5.092110633850098,"orthographic":false}